,ligand,score,COM_x,COM_y,COM_z,exhaustiveness
0,Apigenin,-7.9,40.131235950342884,15.37515464196197,-0.727292980496698,2048
1,Apigenin,-7.9,40.11258392374896,15.372876070972538,-0.7349049266921053,2048
2,Apigenin,-7.6,39.57903585848143,16.90002277111603,-1.000584654126306,2048
3,Apigenin,-7.2,40.28829202783721,14.269038189366311,-0.4249689433451043,2048
4,Apigenin,-7.2,40.29035985490032,14.260812156911296,-0.4166726679809055,2048
5,Apigenin,-6.9,40.27450370724841,15.509254700317689,-1.2996327863824408,2048
6,Apigenin,-6.1,44.19945848973829,1.404480088876386,8.221973155382983,2048
7,Apigenin,-6.1,44.20215497375136,1.4168787444379125,8.228104275333196,2048
8,Apigenin,-6.0,38.44146955650191,21.845866295573266,11.597776817164233,2048
9,Apigenin,-6.0,36.39960098240355,23.031965704257136,11.351750727546598,2048
10,Apigenin,-5.9,43.10219942775076,0.7661993043366455,8.584069639593615,2048
11,Apigenin,-5.9,41.64486064679475,0.2651748310332641,8.155516538286376,2048
12,Apigenin,-5.9,43.29150540730794,0.4783480549475412,8.638045559482673,2048
13,Apigenin,-5.9,38.436080526327686,-10.366701357045867,4.431100172954519,2048
14,Apigenin,-5.8,43.368524582392645,2.3466097539233948,8.031745247626505,2048
15,Apigenin,-5.7,41.999562728594434,-0.09876062696790944,8.719301292861418,2048
16,Apigenin,-5.7,41.65153328445407,1.815526333368064,8.964858194319598,2048
17,Apigenin,-5.7,55.2381491544425,-1.3167776311348838,2.4474776176307675,2048
18,Apigenin,-5.6,41.64648897613497,1.4146503798061112,8.977049070932788,2048
19,Apigenin,-7.9,40.1255800803575,15.367938744433358,-0.7319697420409885,8192
20,Apigenin,-7.9,40.11734735337188,15.375427656277473,-0.7309099942693005,8192
21,Apigenin,-7.6,39.58171211041064,16.898236044499303,-1.0032528529059803,8192
22,Apigenin,-7.2,40.29080448654307,14.264593271834517,-0.42146433131333977,8192
23,Apigenin,-6.9,40.27967343050371,15.510633428378911,-1.3022273450216515,8192
24,Apigenin,-6.1,44.198239005525615,1.4079996005760649,8.227682715210358,8192
25,Apigenin,-6.0,38.43988248842938,21.846939741169347,11.591456151254006,8192
26,Apigenin,-6.0,44.200751463927524,1.4475888161601946,8.20513036951046,8192
27,Apigenin,-6.0,36.459792797313426,22.972874448122827,11.360901470565553,8192
28,Apigenin,-5.9,43.11853522207055,0.7338992019196672,8.600030634660774,8192
29,Apigenin,-5.9,43.10468859273056,0.7631015681265175,8.575591160723986,8192
30,Apigenin,-5.9,41.63879073286316,0.2685060298499479,8.161503658840289,8192
31,Apigenin,-5.9,43.298036498502064,0.4711479507751039,8.64176791333899,8192
32,Apigenin,-5.9,38.434817276848314,-10.360741564962137,4.429933130612009,8192
33,Apigenin,-5.8,43.320609946871926,2.363094280235561,8.051910623194816,8192
34,Apigenin,-5.7,55.27557939808426,-1.2969690175911444,2.424869325146056,8192
35,Apigenin,-5.7,41.98451612921122,-0.10037516599917433,8.716216998680217,8192
36,Apigenin,-5.6,41.6532575319264,1.4184216763175128,8.971886498855422,8192
37,Apigenin,-7.9,40.13005642060679,15.374198186770366,-0.7343633231098744,8192
38,Apigenin,-7.9,40.12313801449675,15.378935464156685,-0.7377877485826954,8192
39,Apigenin,-7.6,39.577921795285995,16.89754126510541,-0.9935996742445512,8192
40,Apigenin,-7.2,40.28761389224722,14.26841177248856,-0.42377552686380576,8192
41,Apigenin,-7.2,40.29078409950765,14.265965692706061,-0.4193652347364168,8192
42,Apigenin,-6.9,40.27374929878531,15.508855629829466,-1.3053240341118382,8192
43,Apigenin,-6.1,44.19443313148596,1.4137297767884391,8.225197379715151,8192
44,Apigenin,-6.1,44.19682521798282,1.412872734992327,8.226367321908869,8192
45,Apigenin,-6.0,38.44047230641714,21.84232080239527,11.599435481673279,8192
46,Apigenin,-6.0,36.46108746593861,22.98535663747058,11.366199975818748,8192
47,Apigenin,-5.9,43.10705138471906,0.7650542884459409,8.581492396468384,8192
48,Apigenin,-5.9,41.6453026147753,0.26647019545858946,8.155630942694447,8192
49,Apigenin,-5.9,43.286088583960854,0.4610096421819645,8.641538767793879,8192
50,Apigenin,-5.9,38.4367131885361,-10.372585680347928,4.434357452581138,8192
51,Apigenin,-5.8,43.36181501071023,2.3406152736642927,8.038719816496018,8192
52,Apigenin,-5.7,55.275663622655046,-1.3043862315468766,2.4274133805954605,8192
53,Apigenin,-5.7,41.99688152475075,-0.038746894870267376,8.690211211820762,8192
54,Apigenin,-5.6,41.64683917183067,1.3797746136451154,8.967789423108275,8192
55,Apigenin,-7.9,40.13005642060679,15.374198186770366,-0.7343633231098744,8192
56,Apigenin,-7.9,40.11437089339419,15.373256174903311,-0.7343917930084249,8192
57,Apigenin,-7.6,39.57723041821496,16.890947555470053,-0.9851934609377304,8192
58,Apigenin,-7.2,40.28968596022588,14.269846210613599,-0.4196232996839949,8192
59,Apigenin,-6.9,40.2708182535979,15.500381343695262,-1.3000091486015877,8192
60,Apigenin,-6.1,44.19557321066096,1.4129511000534931,8.234125359992607,8192
61,Apigenin,-6.1,44.198172309783686,1.4131105316069654,8.223068503104848,8192
62,Apigenin,-6.0,38.44267145002669,21.84166092236381,11.600717585847088,8192
63,Apigenin,-6.0,36.41978111127553,23.00540442821013,11.37154353321933,8192
64,Apigenin,-5.9,43.10535492304822,0.7684510412722112,8.58165706430551,8192
65,Apigenin,-5.9,41.638739195016406,0.2679438788851788,8.164389346080858,8192
66,Apigenin,-5.9,43.29265528734015,0.4711683071849726,8.638242645101425,8192
67,Apigenin,-5.9,38.435735872715114,-10.367405501775943,4.4302056576546285,8192
68,Apigenin,-5.8,43.37623581461778,2.336256337378262,8.03010340603898,8192
69,Apigenin,-5.7,41.98948072205757,-0.10630384200077968,8.72152741985285,8192
70,Apigenin,-5.7,55.24278613166053,-1.3236885326193562,2.4508893078939207,8192
71,Apigenin,-5.6,41.660683622121574,1.4412734732426626,8.973240185786851,8192
72,Apigenin,-7.9,40.126207019009364,15.37160964289632,-0.7258982371771127,8192
73,Apigenin,-7.8,40.12458699739822,15.37255985275727,-0.7340750494473308,8192
74,Apigenin,-7.6,39.574627506858285,16.895106100250707,-0.989397343146882,8192
75,Apigenin,-7.2,40.28936460033937,14.262447183213927,-0.4231964842790283,8192
76,Apigenin,-7.2,40.28977936090804,14.269980213392394,-0.4011471659101097,8192
77,Apigenin,-6.9,40.27275390827128,15.500502731790712,-1.2911233667486115,8192
78,Apigenin,-6.1,44.199586193686734,1.4166840502711808,8.227377327721644,8192
79,Apigenin,-6.1,44.195543177491906,1.416354738686998,8.228681096616294,8192
80,Apigenin,-6.0,38.438570388855474,21.840128811711523,11.597355298382073,8192
81,Apigenin,-6.0,36.45020136574717,22.96847037366429,11.365703045098352,8192
82,Apigenin,-5.9,43.10617443274926,0.7727706998832965,8.588056133045868,8192
83,Apigenin,-5.9,41.638486149465884,0.25809555860493744,8.151255811728463,8192
84,Apigenin,-5.9,43.28879836804623,0.4747332523694328,8.642121598522563,8192
85,Apigenin,-5.9,38.439090981644384,-10.367800419121556,4.426372660404316,8192
86,Apigenin,-5.8,43.36659096427977,2.343692663875716,8.024820813072411,8192
87,Apigenin,-5.7,55.275827711874626,-1.302450503083415,2.4288101351695897,8192
88,Apigenin,-5.7,41.98606446722086,-0.09696632763508274,8.721193510713741,8192
89,Apigenin,-5.6,41.65791380946705,1.4175809136305784,8.97316382096111,8192
90,Apigenin,-7.8,40.0689225600126,15.543517044861716,-0.8245674512352851,8192
91,Apigenin,-7.8,40.12149293746898,15.378924292521505,-0.7350411936331404,8192
92,Apigenin,-7.6,39.581772245523226,16.8956810206224,-0.9856044678637385,8192
93,Apigenin,-7.2,40.28434002740797,14.266788234639687,-0.4253682720605924,8192
94,Apigenin,-7.2,40.29509016022632,14.2671114954376,-0.420005889983176,8192
95,Apigenin,-6.9,40.27279784574017,15.507203968310245,-1.3063486709540912,8192
96,Apigenin,-6.1,44.199347605139664,1.405426288387274,8.229582341251978,8192
97,Apigenin,-6.1,44.19601359454871,1.4102508570781978,8.225090154146791,8192
98,Apigenin,-6.0,38.44647061555289,21.84397010156814,11.597408911166253,8192
99,Apigenin,-6.0,36.456375801764146,22.981307703174828,11.366077943674998,8192
100,Apigenin,-5.9,43.118616192202566,0.7352273063407567,8.606213403104856,8192
101,Apigenin,-5.9,43.10788973186392,0.7663714434380071,8.578069934069978,8192
102,Apigenin,-5.9,41.6376797364015,0.25917834544714097,8.160360993060925,8192
103,Apigenin,-5.9,43.293635718075116,0.4627532904408567,8.645270763984156,8192
104,Apigenin,-5.9,38.435912509439405,-10.37262876554522,4.427638952527451,8192
105,Apigenin,-5.8,43.374734219391826,2.346481424393177,8.0340922754405,8192
106,Apigenin,-5.7,55.29552212657378,-1.3067444610896422,2.4292473006396955,8192
107,Apigenin,-5.7,41.952486015716616,-0.08045242139742001,8.679536744152331,8192
108,Apigenin,-5.6,41.64783605243307,1.427622388593134,8.977481019421694,8192
109,Baicalin,-7.2,35.424322839960155,-5.016870432772717,-8.149771634156934,2048
110,Baicalin,-7.1,42.133057608891846,1.1741662078409392,9.535084803705717,2048
111,Baicalin,-7.1,38.7624308843116,-3.365226500558168,7.394691914125142,2048
112,Baicalin,-7.0,46.43598325453044,11.955121792957845,-8.365382323762448,2048
113,Baicalin,-6.9,40.91353788426742,0.6467604869369495,8.442569863441951,2048
114,Baicalin,-6.9,42.15981205480376,1.037361118529849,8.907072564422931,2048
115,Baicalin,-6.8,40.59260054542347,-0.1361124211689042,8.297280871625652,2048
116,Baicalin,-6.8,42.48010776032852,1.5209783094368603,8.577870107852716,2048
117,Baicalin,-6.7,42.31982198657885,2.281800676109933,8.90345532764486,2048
118,Baicalin,-6.6,38.326628306348866,-3.747846524555732,7.715059865186063,2048
119,Baicalin,-6.6,42.218643081435374,2.184217071844902,9.455328855332398,2048
120,Baicalin,-6.6,46.68259511679551,11.163321781287436,-7.95830805681398,2048
121,Baicalin,-6.6,37.64942487220927,-3.7493061932791822,6.930319766046545,2048
122,Baicalin,-6.5,40.58429894279645,0.4384808350393362,8.707992172536715,2048
123,Baicalin,-6.5,38.246180708437976,-8.113131882656491,6.7375796449847165,2048
124,Baicalin,-6.5,42.5797057428217,0.786271435175098,9.251334828610108,2048
125,Baicalin,-6.5,38.90152970038232,-2.3794605587877915,8.046496730604755,2048
126,Baicalin,-6.4,41.42313945538803,-0.576501374819193,9.353108338184107,2048
127,Baicalin,-6.4,43.03923727592784,1.8445845371147296,9.428287404106577,2048
128,Baicalin,-6.4,41.330293271365036,-0.7867398894498271,8.633336351566111,2048
129,Baicalin,-7.2,35.41973622906828,-5.01679664977313,-8.152793252229062,8192
130,Baicalin,-7.1,42.12971716549831,1.1778876221230592,9.527482444487156,8192
131,Baicalin,-7.1,38.764156205739454,-3.3600132919683245,7.391804815144009,8192
132,Baicalin,-7.0,46.43360333757089,11.962369376610008,-8.363179219654995,8192
133,Baicalin,-6.9,42.13409364696429,1.0474376788470448,8.901442821978337,8192
134,Baicalin,-6.8,40.57657901246151,-0.21323556156607676,8.268229251301879,8192
135,Baicalin,-6.8,40.908999352140384,0.7091522807703041,8.472933390110281,8192
136,Baicalin,-6.7,42.320037769797004,2.27646292064072,8.903011392188024,8192
137,Baicalin,-6.6,42.58322738905664,1.529471123915093,8.630273908712082,8192
138,Baicalin,-6.6,38.32130828948525,-3.757434167776714,7.70656873020573,8192
139,Baicalin,-6.6,42.225863057940714,2.1767876998045,9.46594350781054,8192
140,Baicalin,-6.6,40.596745514227244,0.45684649263942206,8.687074784149264,8192
141,Baicalin,-6.6,37.62949801066521,-3.7488932548680327,6.944421447354418,8192
142,Baicalin,-6.6,46.691212066649186,11.156333934492904,-7.9609736131339,8192
143,Baicalin,-6.5,38.247723432700845,-8.114596312482682,6.732989276074093,8192
144,Baicalin,-6.5,42.56484749540104,0.772507593110996,9.266841100072737,8192
145,Baicalin,-6.5,38.903391435154845,-2.3810678498360227,8.04327588121367,8192
146,Baicalin,-6.4,41.34491396178251,-0.7807822399971043,8.663752277122724,8192
147,Baicalin,-7.2,35.42099842108684,-5.0112157974031915,-8.160615393047046,8192
148,Baicalin,-7.1,42.128203625315074,1.1711023427077474,9.534834127625723,8192
149,Baicalin,-7.0,38.75647508747857,-3.355244786208397,7.391678413204013,8192
150,Baicalin,-7.0,46.43881489203929,11.964949300137059,-8.356403489617781,8192
151,Baicalin,-6.9,40.907112205952586,0.6436907892249251,8.440091734795091,8192
152,Baicalin,-6.8,42.1502986296666,1.0429974060284617,8.892765726277721,8192
153,Baicalin,-6.8,40.576908090977795,-0.14533646670431247,8.2813529839239,8192
154,Baicalin,-6.8,42.5388926596496,1.6692463914191282,8.588181613101845,8192
155,Baicalin,-6.7,42.31628195019426,2.281874993488935,8.89760716352116,8192
156,Baicalin,-6.6,38.31886966143888,-3.7589948730341134,7.701358286498571,8192
157,Baicalin,-6.6,42.22722998583757,2.185901054099434,9.468501110369775,8192
158,Baicalin,-6.6,37.65862380937315,-3.749155707375253,6.935864088013114,8192
159,Baicalin,-6.6,40.95106633447915,-0.19530428645242034,8.776047134125001,8192
160,Baicalin,-6.5,40.58600411655912,0.4403263864469997,8.707954207419258,8192
161,Baicalin,-6.5,42.52718699949713,0.7277504328850909,9.30366626980832,8192
162,Baicalin,-6.5,38.23758551021674,-8.105205695776231,6.731837579192632,8192
163,Baicalin,-6.5,38.90152970038232,-2.3794605587877915,8.046496730604755,8192
164,Baicalin,-6.4,41.33294767305009,-0.7830799983899075,8.654848539566348,8192
165,Baicalin,-7.2,35.425183952019246,-5.015040038157721,-8.152487936072692,8192
166,Baicalin,-7.1,42.14657869025878,1.1757831296008934,9.541736396939775,8192
167,Baicalin,-7.1,38.762371262573716,-3.3603774101246184,7.3931503187693215,8192
168,Baicalin,-7.0,46.442596539949726,11.953954126177745,-8.354741868030716,8192
169,Baicalin,-6.9,40.90585678857361,0.6476138755716208,8.452958290404057,8192
170,Baicalin,-6.9,42.14990609650785,1.044070338801523,8.896317875016747,8192
171,Baicalin,-6.8,40.588477706319935,-0.13697683677322528,8.291620073368826,8192
172,Baicalin,-6.8,42.54278233920017,1.673614351598996,8.604398140389112,8192
173,Baicalin,-6.6,38.32450823857575,-3.758154315538632,7.698290000565098,8192
174,Baicalin,-6.6,42.223095999836424,2.188042338066296,9.470878654561316,8192
175,Baicalin,-6.6,42.8629673717684,1.3777417718212337,9.195128153422298,8192
176,Baicalin,-6.6,37.65006092588522,-3.759096818008463,6.9392758751343715,8192
177,Baicalin,-6.6,46.674184336534786,11.169933704069129,-7.952348002861142,8192
178,Baicalin,-6.5,40.58744104811317,0.4401151460756044,8.71083383697085,8192
179,Baicalin,-6.5,38.240466330343374,-8.10513632022089,6.734704556299517,8192
180,Baicalin,-6.5,42.357761335413365,0.5794515092015916,9.352209008532522,8192
181,Baicalin,-6.5,38.90790063389106,-2.3833606428248606,8.04121067402962,8192
182,Baicalin,-6.4,41.34514819995012,-0.7958758345965145,8.661173356173068,8192
183,Baicalin,-7.2,35.42515687238963,-5.014544490298618,-8.154760235981728,8192
184,Baicalin,-7.1,42.128175746488154,1.1726201140356372,9.543101341143574,8192
185,Baicalin,-7.1,38.764285880183415,-3.363530874884063,7.389669633317534,8192
186,Baicalin,-7.0,46.43763019926693,11.957422743672385,-8.36987581691129,8192
187,Baicalin,-6.9,40.91573801725664,0.6455531068270184,8.442624384189095,8192
188,Baicalin,-6.9,42.16797648223967,1.0338431710865688,8.898949809692677,8192
189,Baicalin,-6.8,40.58614648365403,-0.13571042968332805,8.294133032841055,8192
190,Baicalin,-6.6,42.593589398710115,1.981294733159622,8.665913362971747,8192
191,Baicalin,-6.6,42.929906282156665,1.4656093502719134,9.69122974588953,8192
192,Baicalin,-6.6,38.32353915433388,-3.7593232819987374,7.704471757589692,8192
193,Baicalin,-6.6,42.222697201962134,2.1852037503551442,9.458839166027305,8192
194,Baicalin,-6.6,42.833641063108786,1.3920852097290677,9.178051708151195,8192
195,Baicalin,-6.6,40.5996436913915,0.4514245779160236,8.69811277054426,8192
196,Baicalin,-6.5,37.676699674439824,-3.765692835599185,6.946243160503068,8192
197,Baicalin,-6.5,42.36718080773317,0.6656472440497386,9.344391035947668,8192
198,Baicalin,-6.5,38.230233925544375,-8.109825268984714,6.744130070703608,8192
199,Baicalin,-6.5,38.90604827523667,-2.376418280869692,8.050278566558884,8192
200,Baicalin,-6.4,41.43278631128386,-0.5771419053447017,9.347288687114569,8192
201,Baicalin,-6.4,41.340257609564254,-0.7895074437076675,8.651373516334912,8192
202,Baicalin,-7.2,35.4245041424652,-5.023863975684287,-8.153231749386327,8192
203,Baicalin,-7.1,42.14156700916598,1.1861330991146009,9.539259002414079,8192
204,Baicalin,-7.1,38.76301494433967,-3.37142230541034,7.389157381668903,8192
205,Baicalin,-7.0,46.43901490910738,11.958053118179645,-8.361737087216312,8192
206,Baicalin,-6.9,40.90402551269084,0.6378275742817552,8.457393854853194,8192
207,Baicalin,-6.9,42.16672831124452,1.0318065243936168,8.902914873538881,8192
208,Baicalin,-6.8,40.58850361430325,-0.1635564587303012,8.28289625536953,8192
209,Baicalin,-6.6,42.646673882377684,1.9868156634652263,8.702012779050671,8192
210,Baicalin,-6.6,38.31928308679253,-3.756810922857083,7.7057180494833615,8192
211,Baicalin,-6.6,42.22458077020733,2.192661258855682,9.467682504616926,8192
212,Baicalin,-6.6,40.79504787879283,-0.19894713120969693,8.675512351035925,8192
213,Baicalin,-6.6,42.829916197121584,1.3970956221370603,9.170303893002169,8192
214,Baicalin,-6.6,46.68263179697065,11.164372786082387,-7.952539520335183,8192
215,Baicalin,-6.6,37.661568619949385,-3.7563078733757975,6.9468289950410895,8192
216,Baicalin,-6.5,40.59281218426515,0.4437935923012522,8.722807208636915,8192
217,Baicalin,-6.5,38.2456490483114,-8.10839336505529,6.737619253953282,8192
218,Baicalin,-6.5,42.39175543789659,0.6654360391869639,9.366945142726925,8192
219,Baicalin,-6.4,38.90314074627147,-2.380392803641425,8.068139228105213,8192
220,Chrysin,-8.2,40.592427067185284,13.760646849859318,-0.487264684498468,2048
221,Chrysin,-7.8,40.014439703950316,16.065041050698753,-1.045106724651015,2048
222,Chrysin,-7.8,40.02418433423308,16.06122458524762,-1.041829598210489,2048
223,Chrysin,-7.6,39.58473911016267,16.471379857626488,-1.0927589219057987,2048
224,Chrysin,-7.2,40.32130939970555,15.787717070872926,-1.6216982182958295,2048
225,Chrysin,-6.7,40.14855957622834,15.062227369071527,-0.7250264839836902,2048
226,Chrysin,-6.5,39.788093885751046,18.514638020591946,-1.6062493098935882,2048
227,Chrysin,-6.0,43.25870665499247,0.5329954662626787,8.622238799363931,2048
228,Chrysin,-6.0,42.96485353868989,0.8995268884566897,8.521257942956842,2048
229,Chrysin,-6.0,43.31952980007736,2.116073168706555,8.920275071374846,2048
230,Chrysin,-6.0,42.970220828852405,0.8926347615721651,8.525620627318652,2048
231,Chrysin,-6.0,45.414827976581286,1.5441564333548994,8.292173615393914,2048
232,Chrysin,-6.0,38.61405032331438,21.615587345410045,11.686001293159944,2048
233,Chrysin,-5.9,41.21676133411991,0.15336187338471807,8.143923383381505,2048
234,Chrysin,-5.9,43.02428249918415,20.023299887664002,10.947969959968676,2048
235,Chrysin,-5.8,55.278547552530135,-1.3230882735815237,1.992871501483232,2048
236,Chrysin,-5.7,41.63258613861244,-0.2753718221937184,8.818341036099211,2048
237,Chrysin,-5.7,41.474559628224476,1.0763477872276228,8.887442157923779,2048
238,Chrysin,-8.2,40.59428523158061,13.759897438938884,-0.4848711756137515,8192
239,Chrysin,-7.8,40.010941009662425,16.063731108608625,-1.0512001564920948,8192
240,Chrysin,-7.8,40.01576227386865,16.064792862134144,-1.0434141720644476,8192
241,Chrysin,-7.6,39.57742077581637,16.475411821920748,-1.1054788177933028,8192
242,Chrysin,-7.2,40.32258243591947,15.789147650965278,-1.6138910912679094,8192
243,Chrysin,-6.7,40.14679421273357,15.058386488513866,-0.7270305153896761,8192
244,Chrysin,-6.5,39.78008584454997,18.57171883898498,-1.594287243993209,8192
245,Chrysin,-6.0,43.25662391444885,0.5319616974590714,8.624914585230552,8192
246,Chrysin,-6.0,42.97339789752039,0.8926930793723324,8.511946481604872,8192
247,Chrysin,-6.0,42.95418932984225,0.8896194377447528,8.513797488327077,8192
248,Chrysin,-6.0,43.3196437944369,2.111476326041392,8.910258313266757,8192
249,Chrysin,-6.0,45.3684953740102,1.513122317883362,8.300250903574891,8192
250,Chrysin,-6.0,38.61846657920487,21.61905435723891,11.682375142146446,8192
251,Chrysin,-5.9,41.227533692068725,0.1462870601381522,8.149155814925964,8192
252,Chrysin,-5.9,43.02125905055562,20.019213691977715,10.93843766822068,8192
253,Chrysin,-5.8,55.27718668185825,-1.3307567653664198,1.9975859567072132,8192
254,Chrysin,-5.7,41.46630906327436,1.0721362612135952,8.887498082845921,8192
255,Chrysin,-8.2,40.60253757276718,13.757199273695347,-0.4838742681646644,8192
256,Chrysin,-7.8,40.016713684706396,16.062698273866697,-1.047402761026856,8192
257,Chrysin,-7.8,40.01099332101622,16.060532352924696,-1.044846570721355,8192
258,Chrysin,-7.6,39.580939810583025,16.465535632011722,-1.0900642556766578,8192
259,Chrysin,-7.3,40.08725149039997,15.3648568063215,-0.8056197831127795,8192
260,Chrysin,-7.2,40.325676565889815,15.780655255602007,-1.616659078211032,8192
261,Chrysin,-6.7,40.141395157649434,15.065673237081466,-0.7261115697151486,8192
262,Chrysin,-6.5,39.78608015113653,18.541710363697483,-1.597395391875719,8192
263,Chrysin,-6.0,43.25587504290698,0.535192412643866,8.620992490053105,8192
264,Chrysin,-6.0,42.94310865273244,0.9076578947304286,8.530566809783302,8192
265,Chrysin,-6.0,43.31305192357645,2.1119818100485617,8.916848069184752,8192
266,Chrysin,-6.0,45.31029856915598,1.5334094146625354,8.290320120413284,8192
267,Chrysin,-6.0,38.622136780118716,21.621908860131974,11.687633801024965,8192
268,Chrysin,-5.9,41.213834025437016,0.1596995276233084,8.13268836836072,8192
269,Chrysin,-5.9,43.0213627218153,20.021378090814334,10.934396786915569,8192
270,Chrysin,-5.8,55.2783943205118,-1.3297585447713878,1.9872143762142431,8192
271,Chrysin,-5.8,42.12214379423379,21.437109275142312,11.869985627133017,8192
272,Chrysin,-5.7,41.63581218535744,-0.2740293029862272,8.808658493010872,8192
273,Chrysin,-5.7,41.45029465100405,1.0332209147272455,8.889474634867359,8192
274,Chrysin,-8.2,40.595128779783344,13.753719863633664,-0.4880846622879973,8192
275,Chrysin,-7.8,40.014325873703534,16.05576722316877,-1.044887849878082,8192
276,Chrysin,-7.8,40.02160961592007,16.062490817768285,-1.0446582408296508,8192
277,Chrysin,-7.6,39.57461583750042,16.470107807957838,-1.0976613988631865,8192
278,Chrysin,-7.2,40.33025238302722,15.79142205695218,-1.6176111604487569,8192
279,Chrysin,-6.7,40.13946005490956,15.061256064271774,-0.7283319080978204,8192
280,Chrysin,-6.5,39.787663817983024,18.515321492054888,-1.6098217320088737,8192
281,Chrysin,-6.0,43.26099703199608,0.5370511091058302,8.624239067793935,8192
282,Chrysin,-6.0,42.96321828429193,0.8920317007388898,8.512190824162182,8192
283,Chrysin,-6.0,43.31691107102356,2.118726793661251,8.910269247889833,8192
284,Chrysin,-6.0,42.96059284725028,0.8862071855560611,8.514338352286604,8192
285,Chrysin,-6.0,45.38833373633043,1.5346569922726456,8.269379510552334,8192
286,Chrysin,-6.0,38.61851860157393,21.61775595024589,11.69192793686111,8192
287,Chrysin,-5.9,41.22803376920986,0.143717031225868,8.153677642372102,8192
288,Chrysin,-5.9,43.020058974413786,20.02263476547189,10.942993797186997,8192
289,Chrysin,-5.8,55.272513068129825,-1.3247944106438032,1.9947296496297848,8192
290,Chrysin,-5.7,41.636746220145604,-0.2692721237631321,8.816805235587553,8192
291,Chrysin,-5.7,41.432038326426685,0.9973551099072208,8.885217888390155,8192
292,Chrysin,-8.2,40.59460064796926,13.761825734167044,-0.4878884868306405,8192
293,Chrysin,-7.8,40.0194091145474,16.06214609140644,-1.0510099534399058,8192
294,Chrysin,-7.8,40.01409251313451,16.065927965621473,-1.046783054039657,8192
295,Chrysin,-7.6,39.58051405565001,16.470278559502553,-1.093991229471991,8192
296,Chrysin,-7.2,40.31868216579146,15.792593482090473,-1.6192536017676746,8192
297,Chrysin,-6.7,40.14509552273537,15.058746250855815,-0.7284439770570343,8192
298,Chrysin,-6.5,39.79158325818946,18.575209631405148,-1.5919965801172182,8192
299,Chrysin,-6.0,42.834208416320685,0.8451684774453396,8.492022295045693,8192
300,Chrysin,-6.0,43.26478415465147,0.5335489399330181,8.626718898293062,8192
301,Chrysin,-6.0,43.318008821792965,2.1103246380643026,8.918438144635196,8192
302,Chrysin,-6.0,42.96201781281706,0.9075633961563008,8.524448008950488,8192
303,Chrysin,-6.0,45.41571961876441,1.537700976609137,8.286664567783415,8192
304,Chrysin,-6.0,38.614316090225984,21.62031733342087,11.690629778555811,8192
305,Chrysin,-5.9,41.217114315029455,0.15628269035111936,8.122316817440545,8192
306,Chrysin,-5.9,43.01535030895858,20.024174640042602,10.94084903119435,8192
307,Chrysin,-5.8,55.27719545734213,-1.3266864739143152,1.993294810079678,8192
308,Chrysin,-5.7,41.45611444623842,1.0565933844352362,8.887413283661871,8192
309,Chrysin,-8.2,40.599934849989964,13.758554930861814,-0.4824676324514007,8192
310,Chrysin,-7.8,40.001400065840116,16.074292609424845,-1.063477773971048,8192
311,Chrysin,-7.8,40.01772967067199,16.06730183435026,-1.0438136580664807,8192
312,Chrysin,-7.6,39.57777923354298,16.472844673431425,-1.099211136936758,8192
313,Chrysin,-7.3,40.112323211420566,15.343735995919616,-0.7904333477487185,8192
314,Chrysin,-7.2,40.32405730826288,15.792912817605965,-1.6132938631814542,8192
315,Chrysin,-6.7,40.144656782500796,15.062703480466404,-0.7306387239207944,8192
316,Chrysin,-6.5,39.7826695702171,18.577149026994054,-1.5955448475940712,8192
317,Chrysin,-6.0,42.840290596849755,0.8388455344547874,8.482747568795148,8192
318,Chrysin,-6.0,43.26633596152095,0.5278571938551305,8.621265819801412,8192
319,Chrysin,-6.0,43.32055145183346,2.110136636073176,8.910788639804881,8192
320,Chrysin,-6.0,42.955966237614696,0.8877922695407747,8.512687949629406,8192
321,Chrysin,-6.0,45.39206711903842,1.525194795122667,8.288899573867367,8192
322,Chrysin,-6.0,38.619106558344654,21.620788216036445,11.685797074957867,8192
323,Chrysin,-5.9,41.21111549712891,0.15546496740614654,8.116202200102387,8192
324,Chrysin,-5.9,43.02816701359188,20.01991771507245,10.936672048726228,8192
325,Chrysin,-5.8,55.28258657302384,-1.3336232603537903,1.9917833562671472,8192
326,Naringetin,-7.4,40.116067746053645,15.294654039444339,-0.731248284760693,2048
327,Naringetin,-7.4,39.59943870130683,16.971722403632334,-1.0097907036814715,2048
328,Naringetin,-7.1,40.279890129312,15.540800027449007,-1.370250209230205,2048
329,Naringetin,-6.4,40.55412440011368,13.591099852716232,0.11260587154705574,2048
330,Naringetin,-6.3,40.2381681851388,14.148623087509035,-0.3669654036252587,2048
331,Naringetin,-6.1,39.99906629950977,15.39004103032226,-0.7767582161374418,2048
332,Naringetin,-6.0,38.473983981625906,-10.331785177937062,4.4010800119249645,2048
333,Naringetin,-6.0,44.19548902477109,1.3610722249820684,8.293797940124561,2048
334,Naringetin,-6.0,43.70934458916978,0.6668030717646112,8.560035702769929,2048
335,Naringetin,-6.0,38.50568865048592,21.808440423784557,11.62177578911876,2048
336,Naringetin,-5.9,38.88998281314371,-7.766939961779633,-5.154546173627368,2048
337,Naringetin,-5.9,41.91122809819721,0.4842628758933749,8.123186915963142,2048
338,Naringetin,-5.8,42.55044273050339,0.5215648896329199,8.654320624493552,2048
339,Naringetin,-5.8,41.57345187918096,1.5319470669052582,8.801157711279572,2048
340,Naringetin,-5.8,36.42675564974748,23.238360146716875,11.393689115188591,2048
341,Naringetin,-5.8,41.72139132199825,-0.4986809421206904,8.71609557729944,2048
342,Naringetin,-5.7,31.26589185178973,-2.3466758317589314,-9.686027485397586,2048
343,Naringetin,-5.7,46.17931583930973,1.7128112545597298,8.965382564233279,2048
344,Naringetin,-5.7,43.348035688407094,2.3250807305992724,8.108504878314394,2048
345,Naringetin,-5.7,37.787709096340606,-5.692820309156865,6.042723575306272,2048
346,Naringetin,-7.4,40.1241320759535,15.291695619658446,-0.7325044247068029,8192
347,Naringetin,-7.4,39.60984800163784,16.966471147130207,-1.0015463504651707,8192
348,Naringetin,-7.1,40.277152075496005,15.554123257317405,-1.3907361956131616,8192
349,Naringetin,-6.4,40.55496926806706,13.58945730339752,0.113692355188495,8192
350,Naringetin,-6.3,40.241445314827935,14.14985531886243,-0.3657281909477437,8192
351,Naringetin,-6.1,40.00103623867892,15.391724238581036,-0.7796947971764621,8192
352,Naringetin,-6.0,38.47198290889602,-10.338640289412133,4.401664140857432,8192
353,Naringetin,-6.0,44.21073286890424,1.3962899257699193,8.31406612244396,8192
354,Naringetin,-6.0,43.721458545593826,0.6647472843390029,8.55484682016067,8192
355,Naringetin,-6.0,38.49641259975817,21.8350200759164,11.623421893964045,8192
356,Naringetin,-5.9,38.904373644297344,-7.763315847137058,-5.154295829811969,8192
357,Naringetin,-5.9,41.892021892398574,0.4614656802810499,8.146552523905592,8192
358,Naringetin,-5.8,42.55145985983231,0.5175303124086413,8.64874286643366,8192
359,Naringetin,-5.8,41.57405310499296,1.548075829600704,8.803644068284779,8192
360,Naringetin,-5.8,36.455905951621844,23.212907027315477,11.402717707969284,8192
361,Naringetin,-5.8,41.71995593014978,-0.4997380988043805,8.710266239079393,8192
362,Naringetin,-5.7,31.267493046368227,-2.356297210241152,-9.678422356310929,8192
363,Naringetin,-5.7,43.34541090737403,2.3195623674713906,8.114625808318616,8192
364,Naringetin,-5.7,46.17244258771085,1.7196036734995073,8.969435254223537,8192
365,Naringetin,-5.7,37.79002625133268,-5.6921236356910265,6.046065096754296,8192
366,Naringetin,-7.4,40.11970008460403,15.295734928642876,-0.7262829603970716,8192
367,Naringetin,-7.4,39.60630138397812,16.966242158056527,-1.0152616529235503,8192
368,Naringetin,-7.1,40.281739112639016,15.551175668258061,-1.3850808578130591,8192
369,Naringetin,-6.4,40.55646676699384,13.591294031948298,0.11548293537987955,8192
370,Naringetin,-6.3,40.24536373340096,14.144028145100632,-0.3715276456307193,8192
371,Naringetin,-6.1,39.99961681892426,15.386304316050731,-0.7799011020711305,8192
372,Naringetin,-6.0,38.473492206255656,-10.33229085076767,4.40415282540379,8192
373,Naringetin,-6.0,44.212580001247844,1.4002004030564446,8.312264360206223,8192
374,Naringetin,-6.0,43.72184372219339,0.6608938310508189,8.556447057444021,8192
375,Naringetin,-6.0,38.49224904090003,21.82712859816867,11.61618378585041,8192
376,Naringetin,-5.9,38.90488456025105,-7.761003318881575,-5.149683219049911,8192
377,Naringetin,-5.9,41.89714156249996,0.4693286056768509,8.140034481775945,8192
378,Naringetin,-5.8,42.545355831859275,0.514650254112201,8.63631058767527,8192
379,Naringetin,-5.8,41.55465413352479,1.535335353707147,8.799113861279677,8192
380,Naringetin,-5.8,36.42992419707317,23.239545728987068,11.390247691324337,8192
381,Naringetin,-5.8,41.725522514522645,-0.4996110264412416,8.717371234758762,8192
382,Naringetin,-5.7,31.25990560972529,-2.355070881789894,-9.696664813631424,8192
383,Naringetin,-5.7,43.344721844393256,2.319720396101484,8.103962622324534,8192
384,Naringetin,-5.7,46.186065185515204,1.7251153022000016,8.972197617956025,8192
385,Naringetin,-5.7,37.773684727528845,-5.6817124558788965,6.0487937980010775,8192
386,Naringetin,-7.4,40.1282661956869,15.292769020342126,-0.7430513800074188,8192
387,Naringetin,-7.4,39.60353928204461,16.96975404855601,-1.0024151163721189,8192
388,Naringetin,-7.1,40.28258689412249,15.548083168331587,-1.375874711441665,8192
389,Naringetin,-6.4,40.55894603802388,13.589481916149705,0.11370173093584746,8192
390,Naringetin,-6.3,40.241445314827935,14.14985531886243,-0.3657281909477437,8192
391,Naringetin,-6.1,39.996474456588544,15.391915888584135,-0.7894698648851266,8192
392,Naringetin,-6.0,38.468763109612624,-10.328364985020468,4.407524846775401,8192
393,Naringetin,-6.0,44.218952482230556,1.3995072526677856,8.311040349188932,8192
394,Naringetin,-6.0,43.71220475097143,0.6551994928015163,8.556583963417758,8192
395,Naringetin,-6.0,38.49326381297417,21.831920867476455,11.619696595876071,8192
396,Naringetin,-5.9,38.908783609195,-7.760145033901262,-5.147255155369153,8192
397,Naringetin,-5.9,41.904772513553716,0.4841356952389292,8.117067910960385,8192
398,Naringetin,-5.8,42.552063821576674,0.5094266321836752,8.649279550550803,8192
399,Naringetin,-5.8,36.52009781106414,23.16691857823623,11.387209980719595,8192
400,Naringetin,-5.8,41.570337412913865,1.5340252029208112,8.807019391743314,8192
401,Naringetin,-5.8,41.71762330401568,-0.4952970107571648,8.722622871762349,8192
402,Naringetin,-5.7,31.26316172884906,-2.3512828376669246,-9.680878967252028,8192
403,Naringetin,-5.7,46.1796546057509,1.7167517941969697,8.968092098450711,8192
404,Naringetin,-5.7,43.34925250363804,2.324780303916324,8.115393804262974,8192
405,Naringetin,-5.7,37.79440973349625,-5.692605858020145,6.046763681542704,8192
406,Naringetin,-7.4,40.12334015948538,15.291075243155786,-0.7292729733547915,8192
407,Naringetin,-7.4,39.61380514373831,16.960642020705162,-1.0066319128325658,8192
408,Naringetin,-7.1,40.277152075496005,15.554123257317405,-1.3907361956131616,8192
409,Naringetin,-6.4,40.55303763058321,13.58295993533224,0.11872236935907755,8192
410,Naringetin,-6.3,40.24598019264607,14.146693313167601,-0.3785787959085799,8192
411,Naringetin,-6.1,40.001191883912355,15.392044326101686,-0.7785583442783552,8192
412,Naringetin,-6.0,38.47548768454266,-10.33348580316167,4.393186459239799,8192
413,Naringetin,-6.0,44.24021830075971,1.394853430262033,8.313130235457225,8192
414,Naringetin,-6.0,43.72140046968792,0.664770090792192,8.562952237682174,8192
415,Naringetin,-6.0,38.50311515059219,21.82396123194015,11.616944748103409,8192
416,Naringetin,-5.9,38.905785603198936,-7.763319359803074,-5.155047042427624,8192
417,Naringetin,-5.9,41.913350154431036,0.4832423285108368,8.130523135696762,8192
418,Naringetin,-5.8,42.54599028311605,0.5184039462568105,8.650968318751245,8192
419,Naringetin,-5.8,41.553458986586406,1.5327747508141043,8.799696667918289,8192
420,Naringetin,-5.8,36.44787971548799,23.22329626814479,11.396734420167695,8192
421,Naringetin,-5.8,41.72408057063213,-0.496973942451796,8.722402891613477,8192
422,Naringetin,-5.7,31.264857338248323,-2.3555352135591967,-9.691465212158633,8192
423,Naringetin,-5.7,43.35051097317714,2.324428614560539,8.11437706227495,8192
424,Naringetin,-5.7,46.178651995360454,1.7222704637322543,8.963163990883471,8192
425,Naringetin,-5.7,37.79558522164876,-5.687705524551316,6.038384581567334,8192
426,Naringetin,-7.4,40.13229668345145,15.295787093287311,-0.7329195502741828,8192
427,Naringetin,-7.4,39.610295853218105,16.965360742965007,-1.013895160564091,8192
428,Naringetin,-7.1,40.28227319320516,15.548305278437473,-1.3876588327595418,8192
429,Naringetin,-6.4,40.554005035203815,13.586568482472508,0.12492468981760027,8192
430,Naringetin,-6.3,40.239988087500315,14.146527496758676,-0.3726260327285969,8192
431,Naringetin,-6.1,40.0044814093464,15.391436434940756,-0.7792061899918924,8192
432,Naringetin,-6.0,38.47338003713215,-10.330685001790801,4.402562802460471,8192
433,Naringetin,-6.0,44.20360735350411,1.4034192655630382,8.317181759321093,8192
434,Naringetin,-6.0,43.711237310329686,0.6666562617339334,8.561661196853766,8192
435,Naringetin,-6.0,38.49317592253365,21.836422147707683,11.61650182077584,8192
436,Naringetin,-5.9,38.905564044048816,-7.7606307757358515,-5.150100663799115,8192
437,Naringetin,-5.9,41.89541693201839,0.4601339701014165,8.144473148277553,8192
438,Naringetin,-5.8,42.543025463047954,0.5225091778212415,8.646900853419096,8192
439,Naringetin,-5.8,41.562990448706756,1.53761867993885,8.80148990189264,8192
440,Naringetin,-5.8,36.47491537045774,23.18286362324779,11.400056615075176,8192
441,Naringetin,-5.8,41.718629612725245,-0.5012762013476608,8.720920881079355,8192
442,Naringetin,-5.7,31.26693074577147,-2.357350318501833,-9.681263670257614,8192
443,Naringetin,-5.7,43.351494036644745,2.322030219050137,8.117460114183878,8192
444,Naringetin,-5.7,46.17322502340805,1.7202296548562277,8.970589876427082,8192
445,Naringetin,-5.7,37.77485018904624,-5.685516759504616,6.042334742032254,8192
446,Phloretin,-8.9,39.79629254952349,16.891402279356374,-0.9041873674565049,2048
447,Phloretin,-8.9,39.7950470482143,16.892348819543873,-0.9082613937725752,2048
448,Phloretin,-8.5,39.8663500694168,16.225540837799436,-0.8214513341806635,2048
449,Phloretin,-8.2,40.22760924468388,15.2988122399426,-1.2137210806018142,2048
450,Phloretin,-8.1,40.21977720739028,15.292916242617073,-1.189029485039491,2048
451,Phloretin,-8.1,39.797025267948605,14.941921980903981,-1.003860173287953,2048
452,Phloretin,-8.1,39.810724117164675,14.934305933459378,-1.0078461006728348,2048
453,Phloretin,-8.0,39.83814965725399,13.106818859121162,0.6527765480841857,2048
454,Phloretin,-8.0,39.70594666366074,16.245523923786376,-0.5348989391069642,2048
455,Phloretin,-8.0,39.83754797494473,13.107889005304813,0.636394950831393,2048
456,Phloretin,-8.0,39.70595920092318,16.2408198837747,-0.5395641991429856,2048
457,Phloretin,-7.7,39.910475019764455,17.477599509907506,-0.9938408080553292,2048
458,Phloretin,-7.7,39.89426486517916,17.473884434903397,-0.9822252223293778,2048
459,Phloretin,-7.7,40.199498828064364,15.065318567093012,-0.9030221923982146,2048
460,Phloretin,-7.7,39.85152884802829,18.0896503016085,-0.8755101483094203,2048
461,Phloretin,-7.0,39.91337263639836,13.656788561399315,-0.32478843444371164,2048
462,Phloretin,-7.0,40.373577630923826,14.39891931021854,-0.5831754537678374,2048
463,Phloretin,-7.0,39.92677380464722,14.283247238413,-1.151542954104531,2048
464,Phloretin,-6.6,40.40541662942663,14.353266645358524,-0.481410260449744,2048
465,Phloretin,-6.6,40.14935264895463,13.690909385652269,0.16460328450854833,2048
466,Phloretin,-8.9,39.80137295851886,16.89878098956172,-0.9330902439281052,8192
467,Phloretin,-8.9,39.79410570714989,16.890644616541493,-0.9141417054580236,8192
468,Phloretin,-8.9,39.79200538088839,16.892301419987366,-0.9174062263354056,8192
469,Phloretin,-8.9,39.81298147909402,16.8958138517563,-0.9304963602656092,8192
470,Phloretin,-8.2,40.22982786585224,15.30517596212015,-1.1953737709740755,8192
471,Phloretin,-8.2,40.22158098832019,15.296249018440967,-1.1918902214894416,8192
472,Phloretin,-8.1,39.796434128480136,14.941110445159927,-1.0103119869777026,8192
473,Phloretin,-8.1,39.812726144214786,14.950388356483748,-1.0050346624355206,8192
474,Phloretin,-8.1,40.199617360454674,15.278074814091818,-1.2022512564023815,8192
475,Phloretin,-8.1,40.200734178982295,15.279176366303773,-1.19411149048064,8192
476,Phloretin,-8.0,39.70005054096939,16.245266539524348,-0.5489014376415243,8192
477,Phloretin,-8.0,39.83964403286375,13.121941669468356,0.6384488851565142,8192
478,Phloretin,-8.0,39.82832346771527,13.097538310875876,0.6471600359684809,8192
479,Phloretin,-8.0,39.695475471792975,16.24401821612173,-0.5390695070148458,8192
480,Phloretin,-7.7,39.89944724873904,17.471748464931224,-0.9807453970269381,8192
481,Phloretin,-7.7,39.893153073320924,17.46594530129168,-0.9760918871589608,8192
482,Phloretin,-7.7,39.8350662687009,18.085951906162183,-0.8920369831414029,8192
483,Phloretin,-7.0,39.91470422472944,13.65325745474246,-0.31249817579875083,8192
484,Phloretin,-7.0,40.42769089159092,14.471765072873044,-0.6765558398324582,8192
485,Phloretin,-6.7,39.58281446806251,14.561285887496457,0.009230314634119269,8192
486,Phloretin,-9.0,39.79970583714877,16.899415198923982,-0.9268069636771492,8192
487,Phloretin,-9.0,39.797756452913696,16.89467728644794,-0.9200261442980172,8192
488,Phloretin,-8.9,39.80350854058375,16.898778852286608,-0.9251261899248135,8192
489,Phloretin,-8.9,39.785200497556936,16.89590412059102,-0.9068094526730062,8192
490,Phloretin,-8.5,39.86564567942556,16.23781375599075,-0.8146579342363965,8192
491,Phloretin,-8.2,40.221339933636386,15.305714596252072,-1.1995305616638172,8192
492,Phloretin,-8.1,39.80404183289059,14.9399970758576,-1.0053106409607206,8192
493,Phloretin,-8.1,39.80680334555626,14.942088614475386,-0.9981468185056598,8192
494,Phloretin,-8.1,40.200437620629614,15.28455785772238,-1.1962836263696086,8192
495,Phloretin,-8.1,40.192563277976845,15.287583510095857,-1.2060912198282692,8192
496,Phloretin,-8.0,39.710601769066045,16.236020916104614,-0.536924284500751,8192
497,Phloretin,-8.0,39.703296625502134,16.24087725271424,-0.5290870255242826,8192
498,Phloretin,-8.0,39.83824018234672,13.10301505979518,0.6344994155273285,8192
499,Phloretin,-7.9,39.85454222197124,13.070463861071675,0.632521570452066,8192
500,Phloretin,-7.9,39.89220178974839,15.683989629764334,-0.5483147132298709,8192
501,Phloretin,-7.7,39.90406813374444,17.467151591415263,-0.981968716460766,8192
502,Phloretin,-7.7,39.90583725042194,17.46533059009824,-0.9738754699609214,8192
503,Phloretin,-7.0,39.856021266311295,14.584521287092032,-0.6642024143820023,8192
504,Phloretin,-7.0,40.409058656210256,14.382607647102516,-0.5868956594586122,8192
505,Phloretin,-7.0,39.928340578180176,14.26902926027434,-1.146604032691104,8192
506,Phloretin,-9.0,39.80537522767031,16.904403613563527,-0.923467976719206,8192
507,Phloretin,-8.9,39.805890388189674,16.897763784845328,-0.9239384173005428,8192
508,Phloretin,-8.9,39.80955466937304,16.904152111501688,-0.9368539397455276,8192
509,Phloretin,-8.9,39.79800274903909,16.895880848729586,-0.919609272618631,8192
510,Phloretin,-8.2,40.213813474599036,15.296070170333236,-1.1991205617115104,8192
511,Phloretin,-8.1,40.213770581322656,15.30043057311784,-1.2058496717815566,8192
512,Phloretin,-8.1,39.801781009244756,14.934722804835944,-0.9979632913612742,8192
513,Phloretin,-8.1,39.80686684561074,14.935130073691035,-1.002751615428565,8192
514,Phloretin,-8.1,40.227569113391965,15.293096169430992,-1.1949707579703248,8192
515,Phloretin,-8.1,40.1935568339016,15.288375457583324,-1.197784069124407,8192
516,Phloretin,-8.0,39.83071492972815,13.105975116400574,0.6468122747664288,8192
517,Phloretin,-8.0,39.69850036288712,16.23806252294305,-0.5320969795394065,8192
518,Phloretin,-8.0,39.709274192365214,16.232344177072257,-0.5347049393751074,8192
519,Phloretin,-7.9,39.837724394165576,13.073664507614053,0.6378860364213423,8192
520,Phloretin,-7.7,39.909543879283035,17.46643091424003,-0.976730487504186,8192
521,Phloretin,-7.7,39.900683566548345,17.47436609042555,-0.9769790085699196,8192
522,Phloretin,-7.4,39.983759373119476,14.863719141746873,-0.7253484375415191,8192
523,Phloretin,-7.0,39.91365159024187,13.65567878410002,-0.32079773823724633,8192
524,Phloretin,-7.0,40.4162004440342,14.349269739759205,-0.573265940024421,8192
525,Phloretin,-7.0,39.835276926490614,16.90493785709101,-0.9463299422234706,8192
526,Phloretin,-9.0,39.81877022422694,16.907527339626213,-0.9171567586669528,8192
527,Phloretin,-8.9,39.80376075827544,16.901159432456254,-0.93340275167357,8192
528,Phloretin,-8.9,39.80857987516868,16.891680432175935,-0.9125514091049046,8192
529,Phloretin,-8.9,39.79883661541685,16.89740675270527,-0.9250635794679576,8192
530,Phloretin,-8.5,39.87629494918864,16.22154060841634,-0.8130683269410148,8192
531,Phloretin,-8.1,39.804390054902846,14.952289034057195,-1.003324915402682,8192
532,Phloretin,-8.1,39.80770296244108,14.948753740288227,-1.002851706629165,8192
533,Phloretin,-8.1,40.20475712781478,15.293853868432373,-1.181075657964216,8192
534,Phloretin,-8.1,40.20648804085111,15.285443982793096,-1.1967781652728684,8192
535,Phloretin,-8.1,40.20335174164229,15.277692416420717,-1.1945309812910458,8192
536,Phloretin,-8.0,39.83416336505157,13.13080472246047,0.6365057846556037,8192
537,Phloretin,-8.0,39.69758045097324,16.241116843661352,-0.5346630548544317,8192
538,Phloretin,-8.0,39.70469073064424,16.23765179244722,-0.5296518795825048,8192
539,Phloretin,-8.0,39.83290556237356,13.108042945209316,0.6445018793894596,8192
540,Phloretin,-7.7,39.899359228312896,17.479103745659426,-0.9836653397523256,8192
541,Phloretin,-7.7,39.89176217318305,17.46251061320764,-0.9735207772256356,8192
542,Phloretin,-7.7,39.86141787945096,18.206412190598734,-0.9156515230167016,8192
543,Phloretin,-7.1,39.91224540183417,13.65245467371088,-0.31922509681215805,8192
544,Phloretin,-7.0,39.89634828318111,13.647383960882847,-0.308339842337352,8192
545,Phloretin,-6.9,40.43476161925693,14.494548956749787,-0.6863933604419241,8192
546,Phloretin,-9.0,39.806312486548364,16.899355505720468,-0.9188299969196052,8192
547,Phloretin,-9.0,39.798873434432004,16.899884486987748,-0.9247188392337156,8192
548,Phloretin,-8.9,39.79876038278364,16.90030382131799,-0.9303201656585044,8192
549,Phloretin,-8.9,39.78858881028378,16.888234795250614,-0.9197705817768534,8192
550,Phloretin,-8.5,39.867975594319894,16.230876976016148,-0.8226110252417553,8192
551,Phloretin,-8.1,39.80505096809132,14.93554966882154,-0.9964328710368114,8192
552,Phloretin,-8.1,39.799791843697314,14.948365797981026,-0.9972428515180508,8192
553,Phloretin,-8.1,40.20729053504027,15.29719615964247,-1.1911307631272812,8192
554,Phloretin,-8.1,40.20181982359004,15.282753583051033,-1.1964594946925071,8192
555,Phloretin,-8.1,40.1977910450202,15.275767811010747,-1.1911022871463028,8192
556,Phloretin,-8.0,39.835694352323216,13.103562034311631,0.6496415581002026,8192
557,Phloretin,-8.0,39.70523660427323,16.243463379745688,-0.5409697785120732,8192
558,Phloretin,-8.0,39.699772933445686,16.238229930890597,-0.5242312087739718,8192
559,Phloretin,-8.0,39.83201055904145,13.12418446837213,0.6390969170079089,8192
560,Phloretin,-7.7,39.89483246789794,17.46950742425268,-0.9714437219171312,8192
561,Phloretin,-7.7,39.91519199319756,17.479596724530516,-0.99912009825167,8192
562,Phloretin,-7.0,39.90252352649184,13.625130777965273,-0.2890269002023797,8192
563,Phloretin,-7.0,39.92443015023536,14.285552593796687,-1.1493557173131177,8192
564,Phloretin,-6.9,39.840812556309594,16.902554055640778,-0.9555231768150776,8192
565,Phloretin,-6.9,39.82935215059525,16.9016471255232,-0.9551984761846222,8192
566,Quercetin,-7.5,40.24406781081771,14.688525583703784,-0.362281022582318,2048
567,Quercetin,-7.2,40.12995535623857,14.704328566818775,-0.4517834679653978,2048
568,Quercetin,-7.0,39.748353358746705,17.073237122378853,-0.9149397513465172,2048
569,Quercetin,-6.8,42.638463687701616,2.602035880692898,8.295637031663297,2048
570,Quercetin,-6.7,39.80071287746975,16.204991222328147,-0.9359799459407991,2048
571,Quercetin,-6.6,42.69864997020453,2.746275735709526,8.372986218907803,2048
572,Quercetin,-6.5,40.268930678176154,-0.5051905626214911,8.560802970867051,2048
573,Quercetin,-6.5,43.283366338473336,21.42467306350392,11.54103462615334,2048
574,Quercetin,-6.4,48.04425245902746,-11.953651907869887,-4.580018205023207,2048
575,Quercetin,-6.4,43.581569284238824,21.449449711853628,11.417412856035837,2048
576,Quercetin,-6.4,44.44120140535082,0.2337664609527757,9.33746248821052,2048
577,Quercetin,-6.3,42.97849754115766,2.1814605024282234,8.22626344704968,2048
578,Quercetin,-6.3,43.85002504260706,1.1992405101471206,8.407144800864899,2048
579,Quercetin,-6.3,38.19699037607587,22.15356745229612,11.735084450795734,2048
580,Quercetin,-6.3,47.175805322741816,10.752443679875046,-7.694208391323207,2048
581,Quercetin,-6.3,38.50450373713758,-10.66458670068276,4.514639485693965,2048
582,Quercetin,-6.3,38.685193086842325,-7.006403762676543,-6.367855589723438,2048
583,Quercetin,-6.3,43.8976613974704,0.763802482025972,8.51800579119205,2048
584,Quercetin,-6.2,40.025793106492884,-1.0965066384201227,8.126480402378661,2048
585,Quercetin,-7.5,40.24163953165743,14.674154546124448,-0.3619275769559617,8192
586,Quercetin,-7.2,40.141815847899366,14.716113997349202,-0.4540127993049628,8192
587,Quercetin,-7.0,39.74394112648124,17.07056852217434,-0.9071647154186496,8192
588,Quercetin,-6.8,42.96209377047284,2.4267737011036954,8.112071166754772,8192
589,Quercetin,-6.7,39.79786342746644,16.213451419567175,-0.9424620087909296,8192
590,Quercetin,-6.6,42.6982728470114,2.7425235264527035,8.37672702088578,8192
591,Quercetin,-6.5,40.2655867074797,-0.5084474951100756,8.561967854392119,8192
592,Quercetin,-6.5,43.278507309432605,21.427564900483773,11.54211006212468,8192
593,Quercetin,-6.4,48.03994745193946,-11.938410135242224,-4.583217241338702,8192
594,Quercetin,-6.4,43.59328665946373,21.442415473462177,11.431992563545473,8192
595,Quercetin,-6.3,43.846383044334544,1.2095072395788995,8.404831317525638,8192
596,Quercetin,-6.3,38.198662237867886,22.159054414526338,11.735735561270523,8192
597,Quercetin,-6.3,47.172729497931826,10.758606052100207,-7.694327789343418,8192
598,Quercetin,-6.3,38.510814761062434,-10.664332360653551,4.507812999309878,8192
599,Quercetin,-6.3,38.69123281473604,-7.001428871705129,-6.368415137787707,8192
600,Quercetin,-6.3,44.331629159195394,0.21322795842562764,9.294246678737405,8192
601,Quercetin,-6.3,43.89303227326918,0.7673397632579808,8.521246237138401,8192
602,Quercetin,-6.2,43.419438699873865,1.4767424537009155,8.158083052578348,8192
603,Quercetin,-6.2,42.271637141087254,3.0487559364008616,9.275134513129027,8192
604,Quercetin,-6.2,40.01968183094672,-1.088210479867103,8.130582740895049,8192
605,Quercetin,-7.5,40.24211447939336,14.683910159973655,-0.3705118913755285,8192
606,Quercetin,-7.2,40.135329911737415,14.712882177321315,-0.4541081662503826,8192
607,Quercetin,-7.0,39.74395158064112,17.070741760009593,-0.9119894070076421,8192
608,Quercetin,-6.8,42.97089638278466,2.4238959473769057,8.121166051925236,8192
609,Quercetin,-6.7,39.806300800928156,16.203514891314633,-0.9432683246930366,8192
610,Quercetin,-6.6,42.69291400172347,2.747316210391441,8.370599330669966,8192
611,Quercetin,-6.5,40.27304575193134,-0.5053096495304228,8.559256568213153,8192
612,Quercetin,-6.5,43.27686441470468,21.420819932521905,11.538008957285967,8192
613,Quercetin,-6.4,43.53724381722702,21.45000996437665,11.428756714818368,8192
614,Quercetin,-6.4,48.05927135727091,-11.915554089114575,-4.590474295566481,8192
615,Quercetin,-6.4,44.47177129323838,0.2363650216172875,9.346305527020013,8192
616,Quercetin,-6.3,43.854088283124064,1.2008968400637032,8.40773911788547,8192
617,Quercetin,-6.3,38.19574580553292,22.143953399191847,11.738689296809788,8192
618,Quercetin,-6.3,47.174404599978416,10.748486568411677,-7.689731445691637,8192
619,Quercetin,-6.3,38.51167612596139,-10.674512744222863,4.506446345552905,8192
620,Quercetin,-6.3,38.68063488807096,-7.00778073492384,-6.370632837953291,8192
621,Quercetin,-6.3,43.898237910756244,0.7573566670379188,8.519525335581934,8192
622,Quercetin,-6.2,43.427922477167186,1.4714019295224956,8.15136001987936,8192
623,Quercetin,-6.2,40.01520649888105,-1.0919577136315934,8.130646252751163,8192
624,Quercetin,-7.5,40.24554581307014,14.695824152948587,-0.3617497355756048,8192
625,Quercetin,-7.2,40.134310933613136,14.703696611255937,-0.4449570809108031,8192
626,Quercetin,-7.0,39.746428035210855,17.066290060960462,-0.9268057063985764,8192
627,Quercetin,-6.8,42.989930281060076,2.4297450317588565,8.084716837055558,8192
628,Quercetin,-6.7,39.79653542620665,16.20304563853689,-0.942785081665869,8192
629,Quercetin,-6.6,42.699509087470865,2.7501767444489733,8.367061933553554,8192
630,Quercetin,-6.5,40.2655867074797,-0.5084474951100756,8.561967854392119,8192
631,Quercetin,-6.5,43.277591404768714,21.43527664111535,11.53338536047488,8192
632,Quercetin,-6.4,43.59293999596896,21.445625540600428,11.419514812847025,8192
633,Quercetin,-6.4,48.04513144165388,-11.941372237474209,-4.585334632782032,8192
634,Quercetin,-6.4,44.465814465496656,0.235415389341663,9.33369215569562,8192
635,Quercetin,-6.4,43.84533097798165,1.2094249938171435,8.406839725336459,8192
636,Quercetin,-6.3,38.19581362954071,22.152502615373802,11.734090829081607,8192
637,Quercetin,-6.3,47.179367630833475,10.75633014041059,-7.699459511152196,8192
638,Quercetin,-6.3,38.504615366191715,-10.671965807841179,4.504017259508731,8192
639,Quercetin,-6.3,38.691771590150104,-7.006034266723244,-6.3722337650958485,8192
640,Quercetin,-6.2,43.89776879364804,0.7629227217223038,8.524565100084901,8192
641,Quercetin,-6.2,43.41379531933323,1.4613689832219976,8.159731036664095,8192
642,Quercetin,-6.2,42.28239307876677,3.0415518526531784,9.280517700603014,8192
643,Quercetin,-6.2,40.0194551940206,-1.0931518782258112,8.126966981826946,8192
644,Quercetin,-7.5,40.247480221418634,14.686489170898213,-0.3647975951630039,8192
645,Quercetin,-7.2,40.13375549513836,14.698617689196274,-0.4499937771688205,8192
646,Quercetin,-7.0,39.74686349954088,17.061301487687963,-0.9201268698726454,8192
647,Quercetin,-6.8,42.64818019810044,2.6020388464454216,8.29536842082595,8192
648,Quercetin,-6.7,39.80918347220508,16.201880505005686,-0.9454463504655404,8192
649,Quercetin,-6.6,42.69895435029194,2.7490121856963525,8.383942951021346,8192
650,Quercetin,-6.5,40.27413888335752,-0.5067385953961859,8.554899310380106,8192
651,Quercetin,-6.5,43.28431671625854,21.421224773825212,11.532831737858976,8192
652,Quercetin,-6.4,48.07076129319462,-11.912643980286198,-4.590974922937206,8192
653,Quercetin,-6.4,43.54258332004793,21.440739462577653,11.427185837202599,8192
654,Quercetin,-6.4,44.446682090912724,0.23015309252212465,9.34534266083925,8192
655,Quercetin,-6.3,43.850269079422226,1.203146904550482,8.40790402563724,8192
656,Quercetin,-6.3,38.203036886370384,22.14907072057962,11.742467094043704,8192
657,Quercetin,-6.3,47.17446534575043,10.750288411996667,-7.693035042045115,8192
658,Quercetin,-6.3,38.504337287759775,-10.675716475471981,4.516792472493436,8192
659,Quercetin,-6.3,38.68809666038232,-7.003053682139571,-6.371949474600153,8192
660,Quercetin,-6.3,43.89021135566253,0.7575490445088323,8.514378245226077,8192
661,Quercetin,-6.2,43.42260607074132,1.467227050731731,8.154943988126227,8192
662,Quercetin,-6.2,40.0249676267284,-1.0865342555856858,8.129733701063317,8192
663,Quercetin,-7.5,40.255159468116155,14.693603607423745,-0.3588484431145181,8192
664,Quercetin,-7.2,40.14587754073368,14.717222283925553,-0.4483174717279396,8192
665,Quercetin,-7.0,39.74065621214789,17.07406439088175,-0.9145172633109768,8192
666,Quercetin,-6.8,42.642491037027504,2.5990718266633075,8.293526999014446,8192
667,Quercetin,-6.7,39.80930853644792,16.19711196964125,-0.9470973131574228,8192
668,Quercetin,-6.6,42.701804239404275,2.7434226107841813,8.375848404149902,8192
669,Quercetin,-6.5,40.28457954606557,-0.5181077399276632,8.545840845417809,8192
670,Quercetin,-6.5,43.27813640146613,21.431856187046325,11.543110746798297,8192
671,Quercetin,-6.4,48.066226536990996,-11.909156031490687,-4.587065704507547,8192
672,Quercetin,-6.4,43.58390187504608,21.451444286686733,11.422185677777419,8192
673,Quercetin,-6.4,44.44002581449681,0.2310143631387985,9.344840183355789,8192
674,Quercetin,-6.3,43.845931365339744,1.2040411856684237,8.397609333876641,8192
675,Quercetin,-6.3,38.195386338291634,22.154581421212573,11.734463861124455,8192
676,Quercetin,-6.3,47.16923722224672,10.742643278317406,-7.696474685751034,8192
677,Quercetin,-6.3,38.512527036700455,-10.670595762883817,4.5047299727079455,8192
678,Quercetin,-6.3,38.68853299377813,-7.0041385857055065,-6.3655297873736485,8192
679,Quercetin,-6.3,43.89778152599308,0.7679112644422291,8.527962854202006,8192
680,Quercetin,-6.2,43.427861345450275,1.4692778928957548,8.148856664110527,8192
681,Quercetin,-6.2,40.011550609957816,-1.0976890403431852,8.141485760720235,8192
